last_name, first_name
Abbott, Diane
Abbott, Jack
Abrahams, Debbie
Adam, Shockat
Adams, Gerry
Adams, Nigel
Afolami, Bim
Afriyie, Adam
Ahmad Khan, Imran
Ahmed, Zubir
Ahmed-Sheikh, Tasmina
Aiken, Nickie
Ainsworth, Bob
Akehurst, Luke
Alaba, Bayo
Aldous, Peter
Aldridge, Daniel
Alexander, Danny
Alexander, Douglas
Alexander, Heidi
Al-Hassan, Sadik
Ali, Rushanara
Ali, Tahir
Allan, Lucy
Allen, Graham
Allen, Heidi
Allin-Khan, Rosena
Allister, Jim
Amesbury, Mike
Amess, David
Amos, Gideon
Anderson, Callum
Anderson, David
Anderson, Fleur
Anderson, Lee
Anderson, Stuart
Andrew, Stuart
Ansell, Caroline
Antoniazzi, Tonia
Aquarone, Steffan
Arbuthnot, James
Argar, Edward
Arkless, Richard
Arthur, Scott
Asato, Jess
Ashworth, Jon
Asser, James
Atherton, Sarah
Athwal, Jas
Atkins, Victoria
Atkinson, Catherine
Atkinson, Lewis
Austin, Ian
Babarinde, Josh
Bacon, Gareth
Bacon, Richard
Badenoch, Kemi
Bagshawe, Louise
Bailey, Adrian
Bailey, Calvin
Bailey, Olivia
Bailey, Shaun
Baillie, Siobhan
Bain, William
Baines, David
Baker, Alex
Baker, Duncan
Baker, Norman
Baker, Richard
Baker, Steve
Baldry, Tony
Baldwin, Harriett
Ballinger, Alex
Balls, Ed
Bance, Antonia
Banks, Gordon
Barclay, Stephen
Bardell, Hannah
Barker, Gregory
Barker, Paula
Baron, John
Barron, Kevin
Barron, Lee
Barros-Curtis, Alex
Barwell, Gavin
Baxter, Johanna
Bayley, Hugh
Baynes, Simon
Beales, Danny
Beavers, Lorraine
Bebb, Guto
Beckett, Margaret
Bedford, Peter
Begg, Anne
Begley, Órfhlaith
Begum, Apsana
Beith, Alan
Bell, Aaron
Bell, Stuart
Bell, Torsten
Bellingham, Henry
Benn, Hilary
Bennett, Alison
Benton, Joe
Benton, Scott
Benyon, Richard
Bercow, John
Beresford, Paul
Berger, Luciana
Berry, Jake
Berry, James
Berry, Siân
Betts, Clive
Bhatti, Saqib
Billington, Polly
Bingham, Andrew
Binley, Brian
Birtwistle, Gordon
Bishop, Matt
Black, Mhairi
Blackford, Ian
Blackman, Bob
Blackman, Kirsty
Blackman-Woods, Roberta
Blackwood, Nicola
Blake, Olivia
Blake, Rachel
Blears, Hazel
Blenkinsop, Tom
Blomfield, Paul
Bloore, Chris
Blundell, Elsie
Blunkett, David
Blunt, Crispin
Boles, Nick
Bonavia, Kevin
Bone, Peter
Bonnar, Steven
Bool, Sarah
Borwick, Victoria
Boswell, Phil
Botterill, Jade
Bottomley, Peter
Bowie, Andrew
Brabin, Tracy
Brackenridge, Sureena
Bradley, Ben
Bradley, Karen
Bradshaw, Ben
Brady, Graham
Brady, Mickey
Brake, Tom
Brandreth, Aphra
Brash, Jonathan
Bray, Angie
Brazier, Julian
Brennan, Kevin
Brereton, Jack
Brewer, Alex
Brickell, Phil
Bridgen, Andrew
Brine, Steve
Bristow, Paul
Britcliffe, Sara
Brock, Deidre
Brokenshire, James
Brooke, Annette
Brown, Alan
Brown, Gordon
Brown, Lyn
Brown, Nicholas
Brown, Russell
Browne, Anthony
Browne, Jeremy
Brown-Fuller, Jess
Bruce, Fiona
Bruce, Malcolm
Bryant, Chris
Buchan, Felicity
Buck, Karen
Buckland, Robert
Buckley, Julia
Burden, Richard
Burghart, Alex
Burgon, Richard
Burke, Maureen
Burley, Aidan
Burnham, Andy
Burns, Conor
Burns, Simon
Burrowes, David
Burstow, Paul
Burt, Alistair
Burt, Lorely
Burton-Sampson, David
Butler, Dawn
Butler, Rob
Byles, Daniel
Byrne, Ian
Byrne, Liam
Cable, Vincent
Cadbury, Ruth
Cairns, Alun
Cairns, David
Caliskan, Nesil
Callaghan, Amy
Cameron, David
Cameron, Lisa
Campbell, Alan
Campbell, Gregory
Campbell, Irene
Campbell, Juliet
Campbell, Menzies
Campbell, Ronnie
Campbell-Savours, Markus
Cane, Charlotte
Carden, Dan
Carling, Sam
Carmichael, Alistair
Carmichael, Neil
Carns, Al
Carswell, Douglas
Carter, Andy
Cartlidge, James
Cash, Bill
Cates, Miriam
Caton, Martin
Caulfield, Maria
Chadwick, David
Chalk, Alex
Chamberlain, Wendy
Chambers, Danny
Champion, Sarah
Chapman, Douglas
Chapman, Jenny
Charalambous, Bambos
Charters, Luke
Cherry, Joanna
Chishti, Rehman
Chope, Christopher
Chowns, Ellie
Churchill, Jo
Clappison, James
Clark, Colin
Clark, Feryal
Clark, Greg
Clark, Katy
Clarke, Kenneth
Clarke, Simon
Clarke, Theo
Clarke, Tom
Clarke-Smith, Brendan
Clarkson, Chris
Clegg, Nick
Cleverly, James
Clifton-Brown, Geoffrey
Clwyd, Ann
Coaker, Vernon
Cocking, Lewis
Coffey, Ann
Coffey, Therese
Coghlan, Chris
Colburn, Elliot
Coleman, Ben
Collier, Jacob
Collinge, Lizzi
Collins, Damian
Collins, Tom
Collins, Victoria
Colvile, Oliver
Conlon, Liam
Connarty, Michael
Coombes, Sarah
Cooper, Andrew
Cooper, Beccy
Cooper, Daisy
Cooper, John
Cooper, Julie
Cooper, Rosie
Cooper, Yvette
Corbyn, Jeremy
Costa, Alberto
Costigan, Deirdre
Courts, Robert
Coutinho, Claire
Cowan, Ronnie
Cox, Geoffrey
Cox, Jo
Cox, Pam
Coyle, Neil
Crabb, Stephen
Craft, Jen
Crausby, David
Crawley, Angela
Creagh, Mary
Creasy, Stella
Crichton, Torcuil
Crockart, Mike
Crosbie, Virginia
Cross, Harriet
Crouch, Tracey
Cruddas, Jon
Cryer, John
Cullen, Pat
Cummins, Judith
Cunningham, Alex
Cunningham, Jim
Cunningham, Tony
Curran, Margaret
Curtis, Chris
Daby, Janet Jessica
Dakin, Nic
Dalton, Ashley
Daly, James
Dance, Adam
Danczuk, Simon
Darling, Alistair
Darling, Steve
Darlington, Emily
Davey, Edward
David, Wayne
Davidson, Ian
Davies, Ann
Davies, Byron
Davies, Chris
Davies, David
Davies, Gareth
Davies, Geraint
Davies, Glyn
Davies, James
Davies, Jonathan
Davies, Mims
Davies, Paul
Davies, Philip
Davies, Shaun
Davies-Jones, Alex
Davis, David
Davison, Dehenna
Day, Martyn
Dean, Bobby
Dean, Joshua Robert Abraham
Dearden, Kate
Debbonaire, Thangam
de Bois, Nick
De Cordova, Marsha
Denham, John
Dent Coad, Emma
Denyer, Carla
De Piero, Gloria
Dewhirst, Charlie
Dhesi, Tan
Dickson, Jim
Dillon, Lee
Dinenage, Caroline
Dines, Sarah
Dixon, Anna
Dixon, Samantha
Djanogly, Jonathan
Dobbin, Jim
Dobson, Frank
Docherty, Leo
Docherty, Martin
Docherty, Thomas
Dockerill, Julia
Dodds, Anneliese
Dodds, Jane
Dodds, Nigel
Doherty, Pat
Dollimore, Helena
Donaldson, Jeffrey
Donaldson, Stuart
Donelan, Michelle
Donohoe, Brian
Doogan, Dave
Doran, Frank
Dorans, Allan
Dorrell, Stephen
Dorries, Nadine
Double, Steve
Doughty, Stephen
Dowd, Jim
Dowd, Peter
Dowden, Oliver
Downie, Graeme
Doyle, Gemma
Doyle-Price, Jackie
Drax, Richard
Drew, David
Dromey, Jack
Drummond, Flick
Duddridge, James
Duffield, Rosie
Dugher, Michael
Duguid, David
Duncan, Alan
Duncan-Jordan, Neil
Duncan Smith, Iain
Dunne, Philip
Durkan, Mark
Dyke, Sarah
Eagle, Angela
Eagle, Maria
Easton, Alex
Eastwood, Colum
Eastwood, Mark
Eastwood, Sorcha-Lucy
Eccles, Cat
Edwards, Jonathan
Edwards, Lauren
Edwards, Ruth
Edwards, Sarah
Efford, Clive
Egan, Damien
Elliott, Julie
Elliott, Tom
Ellis, Maya
Ellis, Michael
Ellison, Jane
Ellman, Louise
Ellwood, Tobias
Elmore, Christopher
Elphicke, Charlie
Elphicke, Natalie
Engel, Natascha
Entwistle, Kirith
Eshalomi, Florence
Esterson, Bill
Eustice, George
Evans, Chris
Evans, Graham
Evans, Jonathan
Evans, Luke
Evans, Nigel
Evennett, David
Everitt, Ben
Fabricant, Michael
Fahnbulleh, Miatta
Falconer, Hamish
Fallon, Michael
Farage, Nigel
Farnsworth, Linsey
Farrelly, Paul
Farris, Laura
Farron, Tim
Farry, Stephen
Featherstone, Lynne
Fell, Simon
Fellows, Marion
Fenton-Glynn, Josh
Ferguson, Mark
Ferguson, Patricia
Fernandes, Suella
Ferrier, Margaret
Field, Frank
Field, Mark
Finucane, John
Firth, Anna
Fitzpatrick, Jim
Fleet, Natalie
Flello, Robert
Fletcher, Colleen
Fletcher, Katherine
Fletcher, Mark
Fletcher, Nick
Flint, Caroline
Flynn, Paul
Flynn, Stephen
Foody, Emma
Fookes, Catherine
Foord, Richard
Forbes, Lisa
Ford, Vicky
Forster, Will
Fortune, Peter
Foster, Don
Foster, Kevin
Foster, Paul
Fovargue, Yvonne
Fox, Ashley
Fox, Liam
Foxcroft, Vicky
Foy, Mary
Francis, Daniel
Francis, Hywel
Francois, Mark
Franklin, Zöe
Frazer, Lucy
Freeman, George
Freer, Mike
French, Louie
Frith, James
Fullbrook, Lorraine
Fuller, Richard
Furniss, Gill
Fysh, Marcus
Gaffney, Hugh
Gale, Roger
Galloway, George
Gapes, Mike
Gardiner, Barry
Gardner, Allison
Garnier, Edward
Garnier, Mark
Gauke, David
Gelderd, Anna
Gemmell, Alan
George, Andrew
George, Ruth
German, Gill
Gethins, Stephen
Ghani, Nusrat
Gibb, Nick
Gibson, Patricia
Gibson, Peter
Gibson, Sarah
Gideon, Jo
Gilbert, Stephen
Gilbert, Tracy
Gildernew, Michelle
Gill, Preet
Gillan, Cheryl
Gilmore, Sheila
Gilmour, Rachel
Girvan, Paul
Gittins, Becky
Glass, Pat
Glen, John
Glindon, Mary
Glover, Olly
Godsiff, Roger
Goggins, Paul
Goldman, Marie
Goldsborough, Ben
Goldsmith, Zac
Goodman, Helen
Goodwill, Robert
Gordon, Thomas
Gosling, Jodie
Gould, Georgia
Gove, Michael
Grady, John
Grady, Patrick
Graham, Luke
Graham, Richard
Grant, Bill
Grant, Helen
Grant, Peter
Gray, James
Gray, Neil
Grayling, Chris
Greatrex, Tom
Green, Chris
Green, Damian
Green, Kate
Green, Sarah
Greening, Justine
Greenwood, Lilian
Greenwood, Margaret
Grieve, Dominic
Griffith, Andrew
Griffith, Nia
Griffiths, Alison
Griffiths, Andrew
Griffiths, Kate
Grogan, John
Grundy, James
Gullis, Jonathan
Gummer, Benedict
Gwynne, Andrew
Gyimah, Sam
Hack, Amanda
Hague, William
Haigh, Louise
Hain, Peter
Hair, Kirstene
Halfon, Robert
Hall, Luke
Hall, Sarah
Hames, Duncan
Hamilton, David
Hamilton, Fabian
Hamilton, Paulette
Hammond, Philip
Hammond, Stephen
Hancock, Matthew
Hancock, Mike
Hands, Greg
Hanna, Claire
Hanson, David
Hanvey, Neale
Harding, Monica
Hardy, Emma
Harman, Harriet
Harper, Mark
Harpham, Harry
Harrington, Richard
Harris, Carolyn
Harris, Rebecca
Harris, Tom
Harrison, Trudy
Hart, Sally-Ann
Hart, Simon
Harvey, Nick
Haselhurst, Alan
Hatton, Lloyd
Havard, Dai
Hayes, Helen
Hayes, John
Hayes, Tom
Hayman, Sue
Hazelgrove, Claire
Hazzard, Chris
Heald, Oliver
Healey, John
Heappey, James
Heath, David
Heaton-Harris, Chris
Heaton-Jones, Peter
Hemming, John
Henderson, Gordon
Hendrick, Mark
Hendry, Charles
Hendry, Drew
Henry, Darren
Hepburn, Stephen
Herbert, Nick
Hermon, Sylvia
Heyes, David
Heylings, Pippa
Higginbotham, Antony
Hill, Mike
Hillier, Meg
Hilling, Julie
Hinchliff, Chris
Hinder, Jonathan
Hinds, Damian
Hoare, Simon
Hoban, Mark
Hobhouse, Wera
Hodge, Margaret
Hodgson, Sharon
Hoey, Kate
Holden, Richard
Hollern, Kate
Hollingbery, George
Hollinrake, Kevin
Hollobone, Philip
Holloway, Adam
Holmes, Paul
Hood, Jim
Hopkins, Kelvin
Hopkins, Kris
Hopkins, Rachel
Horwood, Martin
Hosie, Stewart
Howarth, George
Howarth, Gerald
Howell, John
Howell, Paul
Howlett, Ben
Hoyle, Lindsay
Huddleston, Nigel
Hudson, Neil
Hughes, Claire
Hughes, Dáire
Hughes, Eddie
Hughes, Simon
Huhne, Chris
Hume, Alison
Hunt, Jane
Hunt, Jeremy
Hunt, Tom
Hunt, Tristram
Hunter, Mark
Huppert, Julian
Huq, Rupa
Hurd, Nick
Hurley, Patrick
Hussain, Adnan
Hussain, Imran
Illsley, Eric
Ingham, Leigh
Irons, Natasha
Irranca-Davies, Huw
Jack, Alister
Jackson, Glenda
Jackson, Stewart
James, Margot
James, Siân
Jameson, Sally
Jamieson, Cathy
Jardine, Christine
Jarvis, Dan
Jarvis, Liz
Javid, Sajid
Jayawardena, Ranil
Jenkin, Bernard
Jenkinson, Mark
Jenkyns, Andrea
Jenrick, Robert
Jermy, Terry
Jogee, Adam
Johnson, Alan
Johnson, Boris
Johnson, Caroline
Johnson, Diana
Johnson, Gareth
Johnson, Joseph
Johnson, Kim
Johnston, David
Jones, Andrew
Jones, Clive
Jones, Darren
Jones, David
Jones, Fay
Jones, Gerald
Jones, Graham
Jones, Helen
Jones, Kevan
Jones, Lillian
Jones, Louise
Jones, Marcus
Jones, Ruth Lorraine
Jones, Sarah
Jones, Susan Elan
Jopp, Lincoln
Josan, Gurinder
Joseph, Sojan
Jowell, Tessa
Joyce, Eric
Jupp, Simon
Juss, Warinder
Kane, Chris
Kane, Michael
Kaufman, Gerald
Kaur, Satvir
Kawczynski, Daniel
Kearns, Alicia
Keegan, Gillian
Keeley, Barbara
Keen, Alan
Kelly, Chris
Kendall, Liz
Kennedy, Charles
Kennedy, Seema
Kerevan, George
Kerr, Calum
Kerr, Stephen
Khan, Afzal
Khan, Ayoub
Khan, Naushabah
Khan, Sadiq
Killen, Gerard
Kinahan, Danny
Kinnock, Stephen
Kirby, Simon
Kirkham, Jayne
Kitchen, Gen
Knight, Greg
Knight, Julian
Kohler, Paul
Kruger, Danny
Kumar, Sonia
Kumaran, Uma
Kwarteng, Kwasi
Kyle, Peter
Kyrke-Smith, Laura
Laing, Eleanor
Laird, Lesley
Lake, Ben
Lam, Katie
Lamb, Norman
Lamb, Peter
Lammy, David
Lamont, John
Lancaster, Mark
Lansley, Andrew
Largan, Robert
Latham, Pauline
Lavery, Ian
Law, Chris
Law, Noah
Laws, David
Lazarowicz, Mark
Leadbeater, Kim
Leadbitter, Graham
Leadsom, Andrea
Lee, Jessica
Lee, Karen
Lee, Phillip
Leech, John
Lefroy, Jeremy
Leigh, Edward
Leishman, Brian
Leslie, Charlotte
Leslie, Christopher
Letwin, Oliver
Levy, Ian
Lewell-Buck, Emma
Lewer, Andrew
Lewin, Andrew
Lewis, Brandon
Lewis, Clive
Lewis, Ivan
Lewis, Julian
Liddell-Grainger, Ian
Lidington, David
Lightwood, Simon
Lilley, Peter
Linden, David
Little Pengelly, Emma
Lloyd, Stephen
Lloyd, Tony
Llwyd, Elfyn
Lockhart, Carla
Loder, Chris
Logan, Mark
Logan, Seamus
Long, Naomi
Long Bailey, Rebecca
Longhi, Marco
Lopresti, Jack
Lord, Jonathan
Loughton, Tim
Love, Andy
Lowe, Rupert
Lucas, Caroline
Lucas, Ian
Luff, Peter
Lumley, Karen
Lynch, Holly
MacAlister, Josh
MacAskill, Kenny
MacCleary, James
Macdonald, Alice
MacDonald, Angus
MacKinlay, Craig
Mackintosh, David
Mackrory, Cherilyn
Maclean, Rachel
MacLeod, Mary
MacNae, Andy
MacNeil, Angus
Macshane, Denis
Mactaggart, Fiona
Madders, Justin
Maguire, Ben
Maguire, Helen
Mahmood, Khalid
Mahmood, Shabana
Main, Anne
Mak, Alan
Malhotra, Seema
Mallaghan, Cathal
Malthouse, Kit
Mangnall, Anthony
Mann, John
Mann, Scott
Marris, Rob
Marsden, Gordon
Marson, Julie
Martin, Amanda
Martin, Mike
Martin, Sandy
Maskell, Rachael
Maskey, Paul
Masterton, Paul
Mather, Keir
Matheson, Chris
Mathew, Brian
Mathias, Tania
Maude, Francis
May, Theresa
Mayer, Alex
Mayhew, Jerome
Maynard, Charles
Maynard, Paul
McAllister, Douglas
McCabe, Stephen
McCaig, Callum
McCallion, Elisha
McCann, Michael
McCarthy, Kerry
McCartney, Jason
McCartney, Karl
McCluskey, Martin
McClymont, Gregg
McCrea, William
McDonagh, Siobhain
McDonald, Andrew
McDonald, Chris
McDonald, Stewart
McDonald, Stuart
McDonnell, Alasdair
McDonnell, John
McDougall, Blair
McElduff, Barry
McEvoy, Lola
McFadden, Pat
McGarry, Natalie
McGinn, Conor
McGovern, Alison
McGovern, Jim
McGuinness, Martin
McGuire, Anne
McInnes, Liz
McIntosh, Anne
McIntyre, Alex
McKechin, Ann
McKee, Gordon
McKenna, Kevin
McKenzie, Iain
McKinnell, Catherine
McLaughlin, Anne
McLoughlin, Patrick
McMahon, Jim
McMorrin, Anna
McMurdock, James
McNally, Frank
McNally, John
McNeill, Kirsty
McPartland, Stephen
McVey, Esther
Meacher, Michael
Meale, Alan
Mearns, Ian
Medi, Llinos
Menzies, Mark
Mercer, Johnny
Mercer, Patrick
Merriman, Huw
Metcalfe, Stephen
Michael, Alun
Midgley, Anneliese
Miliband, David
Miliband, Edward
Millar, Robin
Miller, Andrew
Miller, Calum
Miller, Maria
Milling, Amanda
Mills, Nigel
Milne, John
Milton, Anne
Minns, Julie
Mishra, Navendu
Mitchell, Andrew
Mitchell, Austin
Mohamed, Abtisam
Mohamed, Iqbal
Mohindra, Gagan
Molloy, Francie
Monaghan, Carol
Monaghan, Paul
Moon, Madeleine
Moon, Perran
Moore, Damien
Moore, Michael
Moore, Robbie
Moran, Layla
Mordaunt, Penny
Morden, Jessica
Morello, Edward
Morgan, Helen
Morgan, Nicky
Morgan, Stephen
Morrice, Graeme
Morris, Anne Marie
Morris, David
Morris, Grahame
Morris, James
Morris, Joe
Morrison, Tom
Morrissey, Joy
Mortimer, Jill
Morton, Wendy
Mosley, Stephen
Mowat, David
Mudie, George
Mulholland, Greg
Mullan, Kieran
Mullane, Margaret
Mullin, Roger
Mumby-Croft, Holly
Mundell, David
Munn, Meg
Munt, Tessa
Murphy, Conor
Murphy, Jim
Murphy, Luke
Murphy, Paul
Murray, Chris
Murray, Ian
Murray, James
Murray, Katrina
Murray, Sheryll
Murray, Susan
Murrison, Andrew
Myer, Luke
Naish, James
Naismith, Connor
Nandy, Lisa
Narayan, Kanishka
Nash, Pamela
Neill, Robert
Newbury, Josh
Newlands, Gavin
Newmark, Brooks
Newton, Sarah
Niblett, Samantha
Nichols, Charlotte
Nici, Lia
Nicolson, John
Nokes, Caroline
Norman, Jesse
Norris, Alex
Norris, Dan
Nuttall, David
Obese-Jecty, Ben
O'Brien, Neil
O'Brien, Stephen
O'Donnell, Fiona
Offord, Matthew
O'Hara, Brendan
Ollerenshaw, Eric
Olney, Sarah
O'Mara, Jared
Onasanya, Fiona
Onn, Melanie
Onwurah, Chi
Opher, Simon
Opperman, Guy
Oppong-Asare, Abena
Osamor, Kate
Osborne, George
Osborne, Kate
Osborne, Sandra
Osborne, Tristan
Oswald, Kirsten
Ottaway, Richard
Owatemi, Taiwo
Owen, Albert
Owen, Sarah
Paffey, Darren
Paice, James
Paisley, Ian
Pakes, Andrew
Parish, Neil
Patel, Priti
Paterson, Owen
Paterson, Steven
Patrick, Matthew
Paul, Rebecca
Pawsey, Mark
Payne, Michael
Peacock, Stephanie
Pearce, Jon
Pearce, Teresa
Penning, Mike
Pennycook, Matthew
Penrose, John
Percy, Andrew
Perkins, Toby
Perry, Claire
Perteghella, Manuela
Phillips, Jess
Phillips, Stephen
Phillipson, Bridget
Philp, Chris
Pickles, Eric
Pidcock, Laura
Pincher, Christopher
Pinkerton, Al
Pinto-Duschinsky, David
Pitcher, Lee
Platt, Joanne
Pochin, Sarah Joanne
Pollard, Luke
Poulter, Daniel
Pound, Stephen
Pow, Rebecca
Powell, Joe
Powell, Lucy
Poynton, Gregor
Prentis, Victoria
Primarolo, Dawn
Prinsley, Peter
Prisk, Mark
Pritchard, Mark
Pugh, John
Pursglove, Tom
Qaisar-Javed, Anum
Quigley, Richard
Quin, Jeremy
Quince, Will
Qureshi, Yasmin
Raab, Dominic
Race, Steve
Raja, Shivani
Ramsay, Adrian
Rand, Connor
Randall, John
Randall, Tom
Ranger, Andrew
Rankin, Jack
Rashid, Faisal
Rayner, Angela
Raynsford, Nick
Reader, Mike
Reckless, Mark
Redwood, John
Reed, David
Reed, Jamie
Reed, Steve
Rees, Christina
Rees-Mogg, Jacob
Reevell, Simon
Reeves, Ellie
Reeves, Rachel
Reid, Alan
Reid, Joani
Reynolds, Emma
Reynolds, Jonathan
Reynolds, Joshua
Rhodes, Martin
Ribeiro-Addy, Bell
Richards, Jake
Richards, Nicola
Richardson, Angela
Riddell-Carpenter, Jenny
Rifkind, Malcolm
Rigby, Lucy
Rimmer, Marie
Riordan, Linda
Ritchie, Margaret
Robathan, Andrew
Roberts, Rob
Robertson, Angus
Robertson, Dave
Robertson, Hugh
Robertson, Joe
Robertson, John
Robertson, Laurence
Robinson, Gavin
Robinson, Geoffrey
Robinson, Mary
Roca, Tim
Rodda, Matt
Rogerson, Dan
Roome, Ian
Rosindell, Andrew
Ross, Douglas
Rotheram, Steve
Rowley, Danielle
Rowley, Lee
Roy, Frank
Roy, Lindsay
Ruane, Chris
Rudd, Amber
Ruddock, Joan
Ruffley, David
Rushworth, Sam
Russell, Bob
Russell, Dean
Russell, Sarah
Russell-Moyle, Lloyd
Rutland, Tom
Rutley, David
Ryan, Joan
Ryan, Oliver
Sabine, Anna
Sackman, Sarah
Salmond, Alex
Sambrook, Gary
Sandbach, Antoinette
Sanders, Adrian
Sandher, Jeevun
Sandys, Laura
Sarwar, Anas
Savage, Roz
Saville-Roberts, Liz
Sawford, Andrew
Saxby, Selaine
Scott, Lee
Scrogham, Michelle
Scully, Paul
Seabeck, Alison
Seely, Bob
Selous, Andrew
Sewards, Mark
Shah, Naz
Shanker, Baggy
Shanks, Michael
Shannon, Jim
Shapps, Grant
Sharma, Alok
Sharma, Virendra
Shastri-Hurst, Neil
Sheerman, Barry
Shelbrooke, Alec
Shepherd, Richard
Sheppard, Tommy
Sheridan, Jim
Sherriff, Paula
Shuker, Gavin
Siddiq, Tulip
Simmonds, David
Simmonds, Mark
Simons, Josh
Simpson, David
Simpson, Keith
Singh, Marsha
Skidmore, Chris
Skinner, Dennis
Slade, Vikki
Slaughter, Andy
Slinger, John
Smart, Lisa
Smeeth, Ruth
Smith, Alyn
Smith, Andrew
Smith, Angela
Smith, Catherine
Smith, Chloe
Smith, David
Smith, Eleanor
Smith, Greg
Smith, Henry
Smith, Jeff
Smith, Julian
Smith, Laura
Smith, Nick
Smith, Owen
Smith, Rebecca
Smith, Robert
Smith, Royston
Smith, Sarah
Smyth, Karin
Snell, Gareth
Snowden, Andrew
Soames, Nicholas
Sobel, Alex
Sollom, Ian
Solloway, Amanda
Soubry, Anna
Soulsby, Peter
Spellar, John
Spelman, Caroline
Spencer, Ben
Spencer, Hannah
Spencer, Mark
Spencer, Patrick
Stafford, Alexander
Stafford, Greg
Stainbank, Euan
Stanley, John
Starmer, Keir
Stephens, Christopher
Stephenson, Andrew
Stephenson, Blake
Stevens, Jo
Stevenson, Jane
Stevenson, John
Stevenson, Kenneth
Stewart, Bob
Stewart, Elaine
Stewart, Iain
Stewart, Rory
Stone, Jamie
Stone, Will
Strathern, Alistair
Straw, Jack
Streeter, Gary
Streeting, Wes
Strickland, Alan
Stride, Mel
Stringer, Graham
Stuart, Gisela
Stuart, Graham
Stunell, Andrew
Sturdy, Julian
Sullivan, Kirsteen
Sullivan, Lauren
Sultana, Zarah
Sunak, Rishi
Sunderland, James
Sutcliffe, Gerry
Swales, Ian
Swallow, Peter
Swann, Robin
Swayne, Desmond
Sweeney, Paul
Swinson, Jo
Swire, Hugo
Syms, Robert
Tami, Mark
Tapp, Mike
Tapsell, Peter
Tarry, Sam
Taylor, Alison
Taylor, David
Taylor, Luke
Taylor, Rachel
Teather, Sarah
Thewliss, Alison
Thomas, Bradley
Thomas, Cameron
Thomas, Derek
Thomas, Fred
Thomas, Gareth
Thomas-Symonds, Nick
Thompson, Adam
Thompson, Owen
Thomson, Michelle
Thomson, Richard
Thomson, Ross
Thornberry, Emily
Thornton, Mike
Throup, Maggie
Thurso, John
Tice, Richard
Tidball, Marie
Timms, Stephen
Timothy, Nick
Timpson, Edward
Toale, Jessica
Tolhurst, Kelly
Tomlinson, Dan
Tomlinson, Justin
Tomlinson, Michael
Tracey, Craig
Tredinnick, David
Trevelyan, Anne-Marie
Trickett, Jon
Trott, Laura
Truss, Elizabeth
Tuckwell, Steve
Tufnell, Henry
Tugendhat, Tom
Turley, Anna
Turmaine, Matt
Turner, Andrew
Turner, Karl
Turner, Laurence
Twigg, Derek
Twigg, Stephen
Twist, Liz
Tyrie, Andrew
Umunna, Chuka
Uppal, Harpreet
Uppal, Paul
Vaizey, Edward
Van Mierlo, Freddie
Vara, Shailesh
Vaughan, Tony
Vaz, Keith
Vaz, Valerie
Vickers, Martin
Vickers, Matt
Villiers, Theresa
Vince, Chris
Voaden, Caroline
Wakeford, Christian
Walker, Charles
Walker, Imogen
Walker, Robin
Walker, Thelma
Wallace, Ben
Walley, Joan
Wallis, Jamie
Walter, Robert
Walting, Giles
Warburton, David
Ward, Chris
Ward, David
Ward, Melanie
Warman, Matt
Watkinson, Angela
Watson, Tom
Watts, Dave
Waugh, Paul
Weatherley, Mike
Webb, Chris
Webb, Steve
Webb, Suzanne
Webbe, Claudia
Weir, Mike
Welsh, Michelle
West, Catherine
Western, Andrew
Western, Matt
Wharton, James
Whately, Helen
Wheeler, Heather
Wheeler, Michael
Whitby, John
White, Chris
White, Jo
White, Katie
Whiteford, Eilidh
Whitehead, Alan
Whitfield, Martin
Whitford, Philippa
Whitley, Mick
Whittaker, Craig
Whittingdale, John
Whittome, Nadia
Wicks, Malcolm
Wiggin, Bill
Wild, James
Wilkinson, Max
Willetts, David
Williams, Craig
Williams, David
Williams, Hywel
Williams, Mark
Williams, Paul
Williams, Roger
Williams, Stephen
Williamson, Chris
Williamson, Gavin
Willott, Jenny
Wilson, Corri
Wilson, Munira
Wilson, Phil
Wilson, Rob
Wilson, Sammy
Winnick, David
Winter, Beth
Winterton, Rosie
Wishart, Pete
Witherden, Steve
Wollaston, Sarah
Wood, Mike
Wood, Mike
Woodcock, John
Woodcock, Sean
Woodward, Shaun
Woolas, Phil
Wragg, William
Wright, David
Wright, Iain
Wright, Jeremy
Wright, Simon
Wrighting, Rosie
Wrigley, Martin
Yang, Yuan
Yasin, Mohammad
Yemm, Steve
Yeo, Tim
Young, Claire
Young, George
Young, Jacob
Zahawi, Nadhim
Zeichner, Daniel