Party	Constituencies contested	Votes	Vote share	Constituencies won
1	"Labour"		631	411	34	9708716
2	"Conservative"		635	121	24	6828925
3	"Liberal Democrat"		630	72	12	3519143
4	"SNP"		57	9	3	724758
Sinn Féin	14	210,891	0.7%	7
Reform UK	609	4,117,610	14.3%	5
Democratic Unionist Party	16	172,058	0.6%	5
Green Party	574	1,843,124	6.4%	4
Plaid Cymru	32	194,811	0.7%	4
Social Democratic & Labour Party	18	86,861	0.3%	2
Alliance	18	117,191	0.4%	1
Ulster Unionist Party	17	94,779	0.3%	1
Traditional Unionist Voice	14	48,685	0.2%	1
